{"cameraMode":{"drawMode":0,"name":"Shaded","section":"Shading Mode"},"sceneLighting":true,"audioPlay":false,"sceneViewState":{"m_AlwaysRefresh":false,"showFog":true,"showSkybox":true,"showFlares":true,"showImageEffects":true,"showParticleSystems":true,"showVisualEffectGraphs":true,"m_FxEnabled":false},"in2DMode":false,"pivot":{"x":-0.015513285994529724,"y":-0.37474536895751955,"z":1.003359317779541},"rotation":{"x":0.5122509598731995,"y":-0.015458429232239724,"z":0.009220721200108529,"w":0.8586504459381104},"size":6.158194065093994,"orthographic":false}